Time,Generated,From grid,C
2024-05-01 00:00:00,,295,
2024-05-01 00:30:00,,215,
2024-05-01 01:00:00,,209,
2024-05-01 01:30:00,,209,
2024-05-01 02:00:00,,314,
2024-05-01 02:30:00,,301,
2024-05-01 03:00:00,,285,
2024-05-01 03:30:00,,156,
2024-05-01 04:00:00,,150,
2024-05-01 04:30:00,,136,
2024-05-01 05:00:00,,147,
2024-05-01 05:30:00,,3604,
2024-05-01 06:00:00,,2361,
2024-05-01 06:30:00,16,3103,3119
2024-05-01 07:00:00,98,127,225
2024-05-01 07:30:00,194,3216,3410
2024-05-01 08:00:00,621,1577,2198
2024-05-01 08:30:00,1035,1063,2098
2024-05-01 09:00:00,1479,955,2434
2024-05-01 09:30:00,758,1511,2269
2024-05-01 10:00:00,2779,-958,1821
2024-05-01 10:30:00,3209,-1182,2027
2024-05-01 11:00:00,1192,-860,332
2024-05-01 11:30:00,3944,-3670,274
2024-05-01 12:00:00,4338,-4170,168
2024-05-01 12:30:00,4400,1656,6056
2024-05-01 13:00:00,4400,-1310,3090
2024-05-01 13:30:00,4400,-1261,3139
2024-05-01 14:00:00,4400,0,4400
2024-05-01 14:30:00,4400,-1160,3240
2024-05-01 15:00:00,2972,3417,6389
2024-05-01 15:30:00,4400,-590,3810
2024-05-01 16:00:00,4204,2472,6676
2024-05-01 16:30:00,3831,-702,3129
2024-05-01 17:00:00,3408,1389,4797
2024-05-01 17:30:00,2334,2367,4701
2024-05-01 18:00:00,2568,2033,4601
2024-05-01 18:30:00,1852,-1463,389
2024-05-01 19:00:00,929,677,1606
2024-05-01 19:30:00,402,2439,2841
2024-05-01 20:00:00,151,1716,1867
2024-05-01 20:30:00,9,299,308
2024-05-01 21:00:00,0,290,290
2024-05-01 21:30:00,1.16,288,289
2024-05-01 22:00:00,2.32,300,302
2024-05-01 22:30:00,3.47,488,491
2024-05-01 23:00:00,4.63,379,384
2024-05-01 23:30:00,5.79,295,301
2024-05-02 00:00:00,6.95,160,167
2024-05-02 00:30:00,8.11,150,158
2024-05-02 01:00:00,9.26,149,158
2024-05-02 01:30:00,10.4,238,248
2024-05-02 02:00:00,11.6,227,239
2024-05-02 02:30:00,12.7,149,162
2024-05-02 03:00:00,13.9,141,155
2024-05-02 03:30:00,15.1,146,161
2024-05-02 04:00:00,16.2,241,257
2024-05-02 04:30:00,17.4,234,251
2024-05-02 05:00:00,18.5,144,163
2024-05-02 05:30:00,19.7,214,234
2024-05-02 06:00:00,20.8,2677,2698
2024-05-02 06:30:00,22,4127,4149
2024-05-02 07:00:00,90,2216,2306
2024-05-02 07:30:00,138,3090,3228
2024-05-02 08:00:00,301,2991,3292
2024-05-02 08:30:00,852,3266,4118
2024-05-02 09:00:00,1467,-1004,463
2024-05-02 09:30:00,2137,-1808,329
2024-05-02 10:00:00,2703,-294,2409
2024-05-02 10:30:00,3199,-1315,1884
2024-05-02 11:00:00,3629,-1671,1958
2024-05-02 11:30:00,4030,-2391,1639
2024-05-02 12:00:00,4323,-4053,270
2024-05-02 12:30:00,4400,-4135,265
2024-05-02 13:00:00,4400,-4056,344
2024-05-02 13:30:00,4400,-3897,503
2024-05-02 14:00:00,4400,-3747,653
2024-05-02 14:30:00,4400,-1392,3008
2024-05-02 15:00:00,4400,-3869,531
2024-05-02 15:30:00,4303,-2121,2182
2024-05-02 16:00:00,4205,-3642,563
2024-05-02 16:30:00,3839,-3511,328
2024-05-02 17:00:00,3396,-634,2762
2024-05-02 17:30:00,2949,-2706,243
2024-05-02 18:00:00,2398,245,2643
2024-05-02 18:30:00,1801,-1470,331
2024-05-02 19:00:00,1166,836,2002
2024-05-02 19:30:00,595,-192,403
2024-05-02 20:00:00,92,619,711
2024-05-02 20:30:00,13,326,339
2024-05-02 21:00:00,0,404,404
2024-05-02 21:30:00,2.11,403,405
2024-05-02 22:00:00,4.21,326,330
2024-05-02 22:30:00,6.32,329,335
2024-05-02 23:00:00,8.42,1606,1614
2024-05-02 23:30:00,10.5,1560,1571
2024-05-03 00:00:00,12.6,1520,1533
2024-05-03 00:30:00,14.7,1603,1618
2024-05-03 01:00:00,16.8,1501,1518
2024-05-03 01:30:00,18.9,1431,1450
2024-05-03 02:00:00,21.1,1539,1560
2024-05-03 02:30:00,23.2,1423,1446
2024-05-03 03:00:00,25.3,1546,1571
2024-05-03 03:30:00,27.4,1523,1550
2024-05-03 04:00:00,29.5,232,261
2024-05-03 04:30:00,31.6,149,181
2024-05-03 05:00:00,33.7,150,184
2024-05-03 05:30:00,35.8,2165,2201
2024-05-03 06:00:00,37.9,2580,2618
2024-05-03 06:30:00,40,4027,4067
2024-05-03 07:00:00,127,2437,2564
2024-05-03 07:30:00,150,2912,3062
2024-05-03 08:00:00,310,3817,4127
2024-05-03 08:30:00,841,1593,2434
2024-05-03 09:00:00,1431,665,2096
2024-05-03 09:30:00,2069,-1746,323
2024-05-03 10:00:00,2615,-573,2042
2024-05-03 10:30:00,3092,-2771,321
2024-05-03 11:00:00,3528,-3247,281
2024-05-03 11:30:00,3840,-873,2967
2024-05-03 12:00:00,4119,-3845,274
2024-05-03 12:30:00,4263,-3854,409
2024-05-03 13:00:00,1264,-1014,250
2024-05-03 13:30:00,1773,-1595,178
2024-05-03 14:00:00,4400,-750,3650
2024-05-03 14:30:00,1640,1968,3608
2024-05-03 15:00:00,4400,1808,6208
2024-05-03 15:30:00,4041,-3144,897
2024-05-03 16:00:00,3245,-2832,413
2024-05-03 16:30:00,3070,-2790,280
2024-05-03 17:00:00,3306,-442,2864
2024-05-03 17:30:00,2769,-1132,1637
2024-05-03 18:00:00,2161,-1792,369
2024-05-03 18:30:00,1631,913,2544
2024-05-03 19:00:00,1179,1335,2514
2024-05-03 19:30:00,531,3908,4439
2024-05-03 20:00:00,119,2296,2415
2024-05-03 20:30:00,16,2316,2332
2024-05-03 21:00:00,0,2291,2291
2024-05-03 21:30:00,0,2339,2339
2024-05-03 22:00:00,0,2262,2262
2024-05-03 22:30:00,0,2238,2238
2024-05-03 23:00:00,0,2385,2385
2024-05-03 23:30:00,2.33,2470,2472
2024-05-04 00:00:00,4.67,2240,2245
2024-05-04 00:30:00,7,2351,2358
2024-05-04 01:00:00,9.33,2337,2346
2024-05-04 01:30:00,11.7,155,167
2024-05-04 02:00:00,14,156,170
2024-05-04 02:30:00,16.3,153,169
2024-05-04 03:00:00,18.7,245,264
2024-05-04 03:30:00,21,238,259
2024-05-04 04:00:00,23.3,232,255
2024-05-04 04:30:00,25.7,153,179
2024-05-04 05:00:00,28,150,178
2024-05-04 05:30:00,30.3,3909,3939
2024-05-04 06:00:00,32.7,2508,2541
2024-05-04 06:30:00,35,3167,3202
2024-05-04 07:00:00,167,140,307
2024-05-04 07:30:00,288,1053,1341
2024-05-04 08:00:00,405,1481,1886
2024-05-04 08:30:00,729,-396,333
2024-05-04 09:00:00,1214,1183,2397
2024-05-04 09:30:00,1627,512,2139
2024-05-04 10:00:00,2561,-2227,334
2024-05-04 10:30:00,2930,-2640,290
2024-05-04 11:00:00,3356,-3095,261
2024-05-04 11:30:00,3710,-1359,2351
2024-05-04 12:00:00,3825,-3671,154
2024-05-04 12:30:00,3859,-3792,67
2024-05-04 13:00:00,4278,-3984,294
2024-05-04 13:30:00,3785,-3449,336
2024-05-04 14:00:00,4359,-4128,231
2024-05-04 14:30:00,4227,-1501,2726
2024-05-04 15:00:00,4184,-3901,283
2024-05-04 15:30:00,4057,-3805,252
2024-05-04 16:00:00,1435,842,2277
2024-05-04 16:30:00,1651,-1326,325
2024-05-04 17:00:00,3077,-2744,333
2024-05-04 17:30:00,2599,-2355,244
2024-05-04 18:00:00,2180,528,2708
2024-05-04 18:30:00,1591,-1415,176
2024-05-04 19:00:00,1033,-874,159
2024-05-04 19:30:00,461,-201,260
2024-05-04 20:00:00,71,171,242
2024-05-04 20:30:00,13,221,234
2024-05-04 21:00:00,0,150,150
2024-05-04 21:30:00,0,154,154
2024-05-04 22:00:00,0,344,344
2024-05-04 22:30:00,0,415,415
2024-05-04 23:00:00,2.19,423,425
2024-05-04 23:30:00,4.38,385,389
2024-05-05 00:00:00,6.56,169,176
2024-05-05 00:30:00,8.75,162,171
2024-05-05 01:00:00,10.9,158,169
2024-05-05 01:30:00,13.1,246,259
2024-05-05 02:00:00,15.3,235,250
2024-05-05 02:30:00,17.5,236,254
2024-05-05 03:00:00,19.7,152,172
2024-05-05 03:30:00,21.9,153,175
2024-05-05 04:00:00,24.1,158,182
2024-05-05 04:30:00,26.3,247,273
2024-05-05 05:00:00,28.4,238,266
2024-05-05 05:30:00,30.6,3918,3949
2024-05-05 06:00:00,32.8,1898,1931
2024-05-05 06:30:00,35,1361,1396
2024-05-05 07:00:00,126,100,226
2024-05-05 07:30:00,162,3328,3490
2024-05-05 08:00:00,340,1653,1993
2024-05-05 08:30:00,844,-447,397
2024-05-05 09:00:00,1249,1289,2538
2024-05-05 09:30:00,2013,391,2404
2024-05-05 10:00:00,2758,-366,2392
2024-05-05 10:30:00,2949,2157,5106
2024-05-05 11:00:00,2248,380,2628
2024-05-05 11:30:00,4400,-567,3833
2024-05-05 12:00:00,2670,3106,5776
2024-05-05 12:30:00,2744,765,3509
2024-05-05 13:00:00,4343,-1923,2420
2024-05-05 13:30:00,4284,-1853,2431
2024-05-05 14:00:00,4400,-1823,2577
2024-05-05 14:30:00,911,1512,2423
2024-05-05 15:00:00,4400,-1916,2484
2024-05-05 15:30:00,595,1779,2374
2024-05-05 16:00:00,1311,1219,2530
2024-05-05 16:30:00,361,-39,322
2024-05-05 17:00:00,294,-24,270
2024-05-05 17:30:00,1189,-943,246
2024-05-05 18:00:00,427,-207,220
2024-05-05 18:30:00,149,1520,1669
2024-05-05 19:00:00,522,-120,402
2024-05-05 19:30:00,79,298,377
2024-05-05 20:00:00,163,213,376
2024-05-05 20:30:00,13,2400,2413
2024-05-05 21:00:00,0,260,260
2024-05-05 21:30:00,1.89,259,261
2024-05-05 22:00:00,3.79,268,272
2024-05-05 22:30:00,5.68,353,359
2024-05-05 23:00:00,7.58,423,431
2024-05-05 23:30:00,9.47,261,270
2024-05-06 00:00:00,11.4,243,254
2024-05-06 00:30:00,13.3,150,163
2024-05-06 01:00:00,15.2,147,162
2024-05-06 01:30:00,17.1,148,165
2024-05-06 02:00:00,18.9,238,257
2024-05-06 02:30:00,20.8,235,256
2024-05-06 03:00:00,22.7,149,172
2024-05-06 03:30:00,24.6,147,172
2024-05-06 04:00:00,26.5,147,174
2024-05-06 04:30:00,28.4,147,175
2024-05-06 05:00:00,30.3,238,268
2024-05-06 05:30:00,32.2,3964,3996
2024-05-06 06:00:00,34.1,2016,2050
2024-05-06 06:30:00,36,1318,1354
2024-05-06 07:00:00,112,134,246
2024-05-06 07:30:00,183,2917,3100
2024-05-06 08:00:00,365,39,404
2024-05-06 08:30:00,763,-367,396
2024-05-06 09:00:00,1383,807,2190
2024-05-06 09:30:00,1278,-997,281
2024-05-06 10:00:00,2581,-2297,284
2024-05-06 10:30:00,1475,3829,5304
2024-05-06 11:00:00,1888,737,2625
2024-05-06 11:30:00,3669,-1183,2486
2024-05-06 12:00:00,2590,172,2762
2024-05-06 12:30:00,4155,-2750,1405
2024-05-06 13:00:00,3315,-1583,1732
2024-05-06 13:30:00,4400,-2843,1557
2024-05-06 14:00:00,4400,-2650,1750
2024-05-06 14:30:00,4400,-2668,1732
2024-05-06 15:00:00,4400,-2570,1830
2024-05-06 15:30:00,4234,-2482,1752
2024-05-06 16:00:00,3707,-3293,414
2024-05-06 16:30:00,3648,-3318,330
2024-05-06 17:00:00,2949,-2609,340
2024-05-06 17:30:00,1240,-924,316
2024-05-06 18:00:00,2797,-2380,417
2024-05-06 18:30:00,744,-353,391
2024-05-06 19:00:00,613,-229,384
2024-05-06 19:30:00,259,63,322
2024-05-06 20:00:00,107,4652,4759
2024-05-06 20:30:00,8,304,312
2024-05-06 21:00:00,0,417,417
2024-05-06 21:30:00,2.11,421,423
2024-05-06 22:00:00,4.21,410,414
2024-05-06 22:30:00,6.32,1695,1701
2024-05-06 23:00:00,8.42,1715,1723
2024-05-06 23:30:00,10.5,1437,1448
2024-05-07 00:00:00,12.6,1528,1541
2024-05-07 00:30:00,14.7,1635,1650
2024-05-07 01:00:00,16.8,1439,1456
2024-05-07 01:30:00,18.9,1538,1557
2024-05-07 02:00:00,21.1,1522,1543
2024-05-07 02:30:00,23.2,164,187
2024-05-07 03:00:00,25.3,241,266
2024-05-07 03:30:00,27.4,236,263
2024-05-07 04:00:00,29.5,153,182
2024-05-07 04:30:00,31.6,156,188
2024-05-07 05:00:00,33.7,171,205
2024-05-07 05:30:00,35.8,324,360
2024-05-07 06:00:00,37.9,2211,2249
2024-05-07 06:30:00,40,1435,1475
2024-05-07 07:00:00,104,2139,2243
2024-05-07 07:30:00,160,3317,3477
2024-05-07 08:00:00,326,1695,2021
2024-05-07 08:30:00,881,-561,320
2024-05-07 09:00:00,1498,553,2051
2024-05-07 09:30:00,2151,-455,1696
2024-05-07 10:00:00,2650,-2390,260
2024-05-07 10:30:00,3142,-289,2853
2024-05-07 11:00:00,3533,-561,2972
2024-05-07 11:30:00,3885,-844,3041
2024-05-07 12:00:00,4172,-3893,279
2024-05-07 12:30:00,4400,-4088,312
2024-05-07 13:00:00,4400,-4037,363
2024-05-07 13:30:00,4400,-3993,407
2024-05-07 14:00:00,4400,-1205,3195
2024-05-07 14:30:00,4400,658,5058
2024-05-07 15:00:00,4400,-1187,3213
2024-05-07 15:30:00,4266,797,5063
2024-05-07 16:00:00,4015,-3651,364
2024-05-07 16:30:00,3683,-3332,351
2024-05-07 17:00:00,3313,-3002,311
2024-05-07 17:30:00,2876,215,3091
2024-05-07 18:00:00,2352,883,3235
2024-05-07 18:30:00,1760,1545,3305
2024-05-07 19:00:00,1233,3569,4802
2024-05-07 19:30:00,641,3973,4614
2024-05-07 20:00:00,112,136,248
2024-05-07 20:30:00,25,336,361
2024-05-07 21:00:00,0,347,347
2024-05-07 21:30:00,2.16,350,352
2024-05-07 22:00:00,4.32,359,363
2024-05-07 22:30:00,6.47,515,521
2024-05-07 23:00:00,8.63,406,415
2024-05-07 23:30:00,10.8,379,390
2024-05-08 00:00:00,12.9,171,184
2024-05-08 00:30:00,15.1,148,163
2024-05-08 01:00:00,17.3,153,170
2024-05-08 01:30:00,19.4,162,181
2024-05-08 02:00:00,21.6,239,261
2024-05-08 02:30:00,23.7,235,259
2024-05-08 03:00:00,25.9,240,266
2024-05-08 03:30:00,28.1,150,178
2024-05-08 04:00:00,30.2,153,183
2024-05-08 04:30:00,32.4,152,184
2024-05-08 05:00:00,34.5,245,280
2024-05-08 05:30:00,36.7,311,348
2024-05-08 06:00:00,38.8,2282,2321
2024-05-08 06:30:00,41,3150,3191
2024-05-08 07:00:00,108,2293,2401
2024-05-08 07:30:00,166,1318,1484
2024-05-08 08:00:00,360,3866,4226
2024-05-08 08:30:00,896,1208,2104
2024-05-08 09:00:00,1494,-1179,315
2024-05-08 09:30:00,2136,-126,2010
2024-05-08 10:00:00,2666,-707,1959
2024-05-08 10:30:00,3130,-2891,239
2024-05-08 11:00:00,3532,-2012,1520
2024-05-08 11:30:00,3890,-3459,431
2024-05-08 12:00:00,4166,-3786,380
2024-05-08 12:30:00,4321,-3831,490
2024-05-08 13:00:00,4400,-4040,360
2024-05-08 13:30:00,4400,-3989,411
2024-05-08 14:00:00,4400,-1277,3123
2024-05-08 14:30:00,4383,-517,3866
2024-05-08 15:00:00,4366,-1162,3204
2024-05-08 15:30:00,4189,1197,5386
2024-05-08 16:00:00,3937,-3590,347
2024-05-08 16:30:00,3617,-3334,283
2024-05-08 17:00:00,3263,-3001,262
2024-05-08 17:30:00,2788,-2609,179
2024-05-08 18:00:00,2230,-1979,251
2024-05-08 18:30:00,1772,-1496,276
2024-05-08 19:00:00,1178,-910,268
2024-05-08 19:30:00,621,-377,244
2024-05-08 20:00:00,107,316,423
2024-05-08 20:30:00,24,472,496
2024-05-08 21:00:00,0,487,487
2024-05-08 21:30:00,2.42,489,491
2024-05-08 22:00:00,4.84,411,416
2024-05-08 22:30:00,7.26,402,409
2024-05-08 23:00:00,9.68,330,340
2024-05-08 23:30:00,12.1,303,315
2024-05-09 00:00:00,14.5,249,264
2024-05-09 00:30:00,16.9,234,251
2024-05-09 01:00:00,19.4,156,175
2024-05-09 01:30:00,21.8,153,175
2024-05-09 02:00:00,24.2,155,179
2024-05-09 02:30:00,26.6,154,181
2024-05-09 03:00:00,29.1,238,267
2024-05-09 03:30:00,31.5,233,264
2024-05-09 04:00:00,33.9,154,188
2024-05-09 04:30:00,36.3,155,191
2024-05-09 05:00:00,38.7,151,190
2024-05-09 05:30:00,41.2,3912,3953
2024-05-09 06:00:00,43.6,2264,2308
2024-05-09 06:30:00,46,1416,1462
2024-05-09 07:00:00,109,1780,1889
2024-05-09 07:30:00,167,1164,1331
2024-05-09 08:00:00,355,2381,2736
2024-05-09 08:30:00,888,1291,2179
2024-05-09 09:00:00,1479,-1162,317
2024-05-09 09:30:00,2085,-364,1721
2024-05-09 10:00:00,2603,-2361,242
2024-05-09 10:30:00,3031,-2777,254
2024-05-09 11:00:00,3440,-3102,338
2024-05-09 11:30:00,3762,-3369,393
2024-05-09 12:00:00,4009,-3679,330
2024-05-09 12:30:00,4152,-964,3188
2024-05-09 13:00:00,4301,-1153,3148
2024-05-09 13:30:00,4372,-1319,3053
2024-05-09 14:00:00,4400,-1165,3235
2024-05-09 14:30:00,4367,-1322,3045
2024-05-09 15:00:00,4213,-3851,362
2024-05-09 15:30:00,4103,-3776,327
2024-05-09 16:00:00,3839,-3592,247
2024-05-09 16:30:00,3496,-3162,334
2024-05-09 17:00:00,3150,-2826,324
2024-05-09 17:30:00,2722,-424,2298
2024-05-09 18:00:00,2243,319,2562
2024-05-09 18:30:00,1724,-1325,399
2024-05-09 19:00:00,1187,-881,306
2024-05-09 19:30:00,615,-448,167
2024-05-09 20:00:00,108,1350,1458
2024-05-09 20:30:00,15,2444,2459
2024-05-09 21:00:00,0,490,490
2024-05-09 21:30:00,2.84,477,480
2024-05-09 22:00:00,5.68,405,411
2024-05-09 22:30:00,8.53,335,344
2024-05-09 23:00:00,11.4,395,406
2024-05-09 23:30:00,14.2,304,318
2024-05-10 00:00:00,17.1,256,273
2024-05-10 00:30:00,19.9,245,265
2024-05-10 01:00:00,22.7,236,259
2024-05-10 01:30:00,25.6,235,261
2024-05-10 02:00:00,28.4,155,183
2024-05-10 02:30:00,31.3,155,186
2024-05-10 03:00:00,34.1,153,187
2024-05-10 03:30:00,36.9,246,283
2024-05-10 04:00:00,39.8,240,280
2024-05-10 04:30:00,42.6,235,278
2024-05-10 05:00:00,45.5,158,203
2024-05-10 05:30:00,48.3,3763,3811
2024-05-10 06:00:00,51.2,1535,1586
2024-05-10 06:30:00,54,1307,1361
2024-05-10 07:00:00,121,187,308
2024-05-10 07:30:00,184,1242,1426
2024-05-10 08:00:00,394,422,816
2024-05-10 08:30:00,954,859,1813
2024-05-10 09:00:00,1544,-1137,407
2024-05-10 09:30:00,2159,-1852,307
2024-05-10 10:00:00,2645,-2322,323
2024-05-10 10:30:00,3077,-2734,343
2024-05-10 11:00:00,3400,-3062,338
2024-05-10 11:30:00,3726,-1513,2213
2024-05-10 12:00:00,4005,-3740,265
2024-05-10 12:30:00,4164,-3976,188
2024-05-10 13:00:00,4256,-2634,1622
2024-05-10 13:30:00,4368,-2808,1560
2024-05-10 14:00:00,4398,-2490,1908
2024-05-10 14:30:00,4295,-2658,1637
2024-05-10 15:00:00,4126,1179,5305
2024-05-10 15:30:00,3954,-2173,1781
2024-05-10 16:00:00,3821,-1308,2513
2024-05-10 16:30:00,3570,-1876,1694
2024-05-10 17:00:00,3186,-2971,215
2024-05-10 17:30:00,2772,-2378,394
2024-05-10 18:00:00,2296,-1973,323
2024-05-10 18:30:00,1763,-1403,360
2024-05-10 19:00:00,1193,101,1294
2024-05-10 19:30:00,620,-352,268
2024-05-10 20:00:00,105,265,370
2024-05-10 20:30:00,19,412,431
2024-05-10 21:00:00,0,403,403
2024-05-10 21:30:00,2.79,474,477
2024-05-10 22:00:00,5.58,470,476
2024-05-10 22:30:00,8.37,388,396
2024-05-10 23:00:00,11.2,375,386
2024-05-10 23:30:00,13.9,308,322
2024-05-11 00:00:00,16.7,165,182
2024-05-11 00:30:00,19.5,256,276
2024-05-11 01:00:00,22.3,245,267
2024-05-11 01:30:00,25.1,238,263
2024-05-11 02:00:00,27.9,151,179
2024-05-11 02:30:00,30.7,156,187
2024-05-11 03:00:00,33.5,157,190
2024-05-11 03:30:00,36.3,251,287
2024-05-11 04:00:00,39.1,241,280
2024-05-11 04:30:00,41.8,240,282
2024-05-11 05:00:00,44.6,162,207
2024-05-11 05:30:00,47.4,3660,3707
2024-05-11 06:00:00,50.2,1629,1679
2024-05-11 06:30:00,53,1453,1506
2024-05-11 07:00:00,115,193,308
2024-05-11 07:30:00,181,1292,1473
2024-05-11 08:00:00,383,2180,2563
2024-05-11 08:30:00,918,-631,287
2024-05-11 09:00:00,1511,-1206,305
2024-05-11 09:30:00,2104,-1832,272
2024-05-11 10:00:00,2579,180,2759
2024-05-11 10:30:00,2996,-2672,324
2024-05-11 11:00:00,3354,-3050,304
2024-05-11 11:30:00,3692,-3371,321
2024-05-11 12:00:00,3884,-3624,260
2024-05-11 12:30:00,4101,-3925,176
2024-05-11 13:00:00,4211,-4020,191
2024-05-11 13:30:00,4287,-4043,244
2024-05-11 14:00:00,4286,-3862,424
2024-05-11 14:30:00,4188,-3874,314
2024-05-11 15:00:00,2626,-2306,320
2024-05-11 15:30:00,3958,-3555,403
2024-05-11 16:00:00,3722,-3324,398
2024-05-11 16:30:00,3680,-3401,279
2024-05-11 17:00:00,3158,-2868,290
2024-05-11 17:30:00,2783,-370,2413
2024-05-11 18:00:00,2291,74,2365
2024-05-11 18:30:00,1778,797,2575
2024-05-11 19:00:00,330,2113,2443
2024-05-11 19:30:00,551,1779,2330
2024-05-11 20:00:00,188,89,277
2024-05-11 20:30:00,32,270,302
2024-05-11 21:00:00,0,295,295
2024-05-11 21:30:00,1.79,207,209
2024-05-11 22:00:00,3.58,204,208
2024-05-11 22:30:00,5.37,210,215
2024-05-11 23:00:00,7.16,209,216
2024-05-11 23:30:00,8.95,308,317
2024-05-12 00:00:00,10.7,259,270
2024-05-12 00:30:00,12.5,239,252
2024-05-12 01:00:00,14.3,157,171
2024-05-12 01:30:00,16.1,161,177
2024-05-12 02:00:00,17.9,155,173
2024-05-12 02:30:00,19.7,247,267
2024-05-12 03:00:00,21.5,240,261
2024-05-12 03:30:00,23.3,235,258
2024-05-12 04:00:00,25.1,153,178
2024-05-12 04:30:00,26.8,153,180
2024-05-12 05:00:00,28.6,152,181
2024-05-12 05:30:00,30.4,3991,4021
2024-05-12 06:00:00,32.2,302,334
2024-05-12 06:30:00,34,1444,1478
2024-05-12 07:00:00,182,41,223
2024-05-12 07:30:00,290,28,318
2024-05-12 08:00:00,514,1372,1886
2024-05-12 08:30:00,930,-436,494
2024-05-12 09:00:00,1640,3181,4821
2024-05-12 09:30:00,2688,-2135,553
2024-05-12 10:00:00,2596,408,3004
2024-05-12 10:30:00,965,-312,653
2024-05-12 11:00:00,3581,-947,2634
2024-05-12 11:30:00,3745,924,4669
2024-05-12 12:00:00,3953,-1283,2670
2024-05-12 12:30:00,4055,-1174,2881
2024-05-12 13:00:00,4226,-661,3565
2024-05-12 13:30:00,4368,-2033,2335
2024-05-12 14:00:00,3765,-887,2878
2024-05-12 14:30:00,4250,-1734,2516
2024-05-12 15:00:00,3699,-1251,2448
2024-05-12 15:30:00,3930,-1203,2727
2024-05-12 16:00:00,3755,-892,2863
2024-05-12 16:30:00,3088,-337,2751
2024-05-12 17:00:00,2683,-281,2402
2024-05-12 17:30:00,1277,994,2271
2024-05-12 18:00:00,1554,-1267,287
2024-05-12 18:30:00,825,-582,243
2024-05-12 19:00:00,909,-593,316
2024-05-12 19:30:00,451,-176,275
2024-05-12 20:00:00,241,133,374
2024-05-12 20:30:00,34,391,425
2024-05-12 21:00:00,0,417,417
2024-05-12 21:30:00,3.63,415,419
2024-05-12 22:00:00,7.26,400,407
2024-05-12 22:30:00,10.9,406,417
2024-05-12 23:00:00,14.5,409,424
2024-05-12 23:30:00,18.2,245,263
2024-05-13 00:00:00,21.8,235,257
2024-05-13 00:30:00,25.4,235,260
2024-05-13 01:00:00,29.1,229,258
2024-05-13 01:30:00,32.7,160,193
2024-05-13 02:00:00,36.3,152,188
2024-05-13 02:30:00,39.9,153,193
2024-05-13 03:00:00,43.6,149,193
2024-05-13 03:30:00,47.2,247,294
2024-05-13 04:00:00,50.8,237,288
2024-05-13 04:30:00,54.5,237,291
2024-05-13 05:00:00,58.1,153,211
2024-05-13 05:30:00,61.7,3653,3715
2024-05-13 06:00:00,65.4,149,214
2024-05-13 06:30:00,69,190,259
2024-05-13 07:00:00,179,67,246
2024-05-13 07:30:00,307,162,469
2024-05-13 08:00:00,516,-250,266
2024-05-13 08:30:00,1040,-811,229
2024-05-13 09:00:00,1621,-1285,336
2024-05-13 09:30:00,1915,-1592,323
2024-05-13 10:00:00,2547,-2227,320
2024-05-13 10:30:00,3012,-2778,234
2024-05-13 11:00:00,3222,-1219,2003
2024-05-13 11:30:00,3623,-759,2864
2024-05-13 12:00:00,3572,-3208,364
2024-05-13 12:30:00,3953,-3637,316
2024-05-13 13:00:00,4307,-3978,329
2024-05-13 13:30:00,4400,-4133,267
2024-05-13 14:00:00,4185,-3791,394
2024-05-13 14:30:00,3910,-1353,2557
2024-05-13 15:00:00,3313,-2953,360
2024-05-13 15:30:00,3127,-2818,309
2024-05-13 16:00:00,2073,-1754,319
2024-05-13 16:30:00,1809,-1489,320
2024-05-13 17:00:00,1454,-1138,316
2024-05-13 17:30:00,907,-590,317
2024-05-13 18:00:00,655,-328,327
2024-05-13 18:30:00,1019,-558,461
2024-05-13 19:00:00,633,-307,326
2024-05-13 19:30:00,394,-98,296
2024-05-13 20:00:00,209,107,316
2024-05-13 20:30:00,25,267,292
2024-05-13 21:00:00,0,273,273
2024-05-13 21:30:00,1.42,267,268
2024-05-13 22:00:00,2.84,349,352
2024-05-13 22:30:00,4.26,470,474
2024-05-13 23:00:00,5.68,412,418
2024-05-13 23:30:00,7.11,390,397
2024-05-14 00:00:00,8.53,243,252
2024-05-14 00:30:00,9.95,242,252
2024-05-14 01:00:00,11.4,244,255
2024-05-14 01:30:00,12.8,153,166
2024-05-14 02:00:00,14.2,153,167
2024-05-14 02:30:00,15.6,155,171
2024-05-14 03:00:00,17.1,157,174
2024-05-14 03:30:00,18.5,248,266
2024-05-14 04:00:00,19.9,240,260
2024-05-14 04:30:00,21.3,237,258
2024-05-14 05:00:00,22.7,233,256
2024-05-14 05:30:00,24.2,3870,3894
2024-05-14 06:00:00,25.6,144,170
2024-05-14 06:30:00,27,134,161
2024-05-14 07:00:00,21,235,256
2024-05-14 07:30:00,142,226,368
2024-05-14 08:00:00,114,269,383
2024-05-14 08:30:00,88,1576,1664
2024-05-14 09:00:00,517,2043,2560
2024-05-14 09:30:00,580,282,862
2024-05-14 10:00:00,1389,-1087,302
2024-05-14 10:30:00,3290,-3204,86
2024-05-14 11:00:00,1776,-1395,381
2024-05-14 11:30:00,2324,-1933,391
2024-05-14 12:00:00,4400,-4060,340
2024-05-14 12:30:00,2347,207,2554
2024-05-14 13:00:00,4400,-1923,2477
2024-05-14 13:30:00,4400,-1955,2445
2024-05-14 14:00:00,4400,-1747,2653
2024-05-14 14:30:00,4400,-301,4099
2024-05-14 15:00:00,3397,-1950,1447
2024-05-14 15:30:00,2394,-644,1750
2024-05-14 16:00:00,4397,-4075,322
2024-05-14 16:30:00,3934,-3518,416
2024-05-14 17:00:00,3557,-3145,412
2024-05-14 17:30:00,3040,-2639,401
2024-05-14 18:00:00,2500,-2190,310
2024-05-14 18:30:00,1981,-1680,301
2024-05-14 19:00:00,1268,-857,411
2024-05-14 19:30:00,660,-272,388
2024-05-14 20:00:00,124,2374,2498
2024-05-14 20:30:00,34,395,429
2024-05-14 21:00:00,0,421,421
2024-05-14 21:30:00,2,495,497
2024-05-14 22:00:00,4,662,666
2024-05-14 22:30:00,6,288,294
2024-05-14 23:00:00,8,178,186
2024-05-14 23:30:00,10,167,177
2024-05-15 00:00:00,12,163,175
2024-05-15 00:30:00,14,263,277
2024-05-15 01:00:00,16,251,267
2024-05-15 01:30:00,18,244,262
2024-05-15 02:00:00,20,238,258
2024-05-15 02:30:00,22,163,185
2024-05-15 03:00:00,24,165,189
2024-05-15 03:30:00,26,159,185
2024-05-15 04:00:00,28,251,279
2024-05-15 04:30:00,30,243,273
2024-05-15 05:00:00,32,238,270
2024-05-15 05:30:00,34,3880,3914
2024-05-15 06:00:00,36,1630,1666
2024-05-15 06:30:00,38,1665,1703
2024-05-15 07:00:00,163,1648,1811
2024-05-15 07:30:00,227,1889,2116
2024-05-15 08:00:00,527,-65,462
2024-05-15 08:30:00,766,-358,408
2024-05-15 09:00:00,1636,-1287,349
2024-05-15 09:30:00,2765,-2445,320
2024-05-15 10:00:00,2415,-2308,107
2024-05-15 10:30:00,1956,-1606,350
2024-05-15 11:00:00,2179,-304,1875
2024-05-15 11:30:00,4400,-1267,3133
2024-05-15 12:00:00,4400,-4033,367
2024-05-15 12:30:00,4400,-3990,410
2024-05-15 13:00:00,4400,-4031,369
2024-05-15 13:30:00,4400,-4136,264
2024-05-15 14:00:00,4400,-3920,480
2024-05-15 14:30:00,4400,-3933,467
2024-05-15 15:00:00,4400,-4005,395
2024-05-15 15:30:00,1100,-789,311
2024-05-15 16:00:00,4359,-4014,345
2024-05-15 16:30:00,1300,-994,306
2024-05-15 17:00:00,1760,-1528,232
2024-05-15 17:30:00,3093,-2749,344
2024-05-15 18:00:00,1386,-1055,331
2024-05-15 18:30:00,541,-227,314
2024-05-15 19:00:00,550,-239,311
2024-05-15 19:30:00,927,-393,534
2024-05-15 20:00:00,119,2612,2731
2024-05-15 20:30:00,28,381,409
2024-05-15 21:00:00,0,486,486
2024-05-15 21:30:00,2.16,475,477
2024-05-15 22:00:00,4.32,504,508
2024-05-15 22:30:00,6.47,332,338
2024-05-15 23:00:00,8.63,310,319
2024-05-15 23:30:00,10.8,176,187
2024-05-16 00:00:00,12.9,165,178
2024-05-16 00:30:00,15.1,251,266
2024-05-16 01:00:00,17.3,239,256
2024-05-16 01:30:00,19.4,237,256
2024-05-16 02:00:00,21.6,159,181
2024-05-16 02:30:00,23.7,157,181
2024-05-16 03:00:00,25.9,159,185
2024-05-16 03:30:00,28.1,246,274
2024-05-16 04:00:00,30.2,242,272
2024-05-16 04:30:00,32.4,239,271
2024-05-16 05:00:00,34.5,159,194
2024-05-16 05:30:00,36.7,3800,3837
2024-05-16 06:00:00,38.8,1980,2019
2024-05-16 06:30:00,41,282,323
2024-05-16 07:00:00,246,63,309
2024-05-16 07:30:00,281,120,401
2024-05-16 08:00:00,473,2004,2477
2024-05-16 08:30:00,695,1598,2293
2024-05-16 09:00:00,2141,-141,2000
2024-05-16 09:30:00,2397,-883,1514
2024-05-16 10:00:00,1042,-723,319
2024-05-16 10:30:00,2147,-1908,239
2024-05-16 11:00:00,4286,-1566,2720
2024-05-16 11:30:00,1866,-1628,238
2024-05-16 12:00:00,2378,-1187,1191
2024-05-16 12:30:00,4381,-2727,1654
2024-05-16 13:00:00,4400,-3973,427
2024-05-16 13:30:00,4400,-1782,2618
2024-05-16 14:00:00,4400,-1651,2749
2024-05-16 14:30:00,4400,-1651,2749
2024-05-16 15:00:00,4400,510,4910
2024-05-16 15:30:00,4400,-1639,2761
2024-05-16 16:00:00,4015,-3677,338
2024-05-16 16:30:00,4029,-3700,329
2024-05-16 17:00:00,3486,-3234,252
2024-05-16 17:30:00,2955,-2711,244
2024-05-16 18:00:00,2357,-2119,238
2024-05-16 18:30:00,1797,-1463,334
2024-05-16 19:00:00,1229,-856,373
2024-05-16 19:30:00,663,1178,1841
2024-05-16 20:00:00,137,4171,4308
2024-05-16 20:30:00,42,432,474
2024-05-16 21:00:00,0,566,566
2024-05-16 21:30:00,0,558,558
2024-05-16 22:00:00,0,569,569
2024-05-16 22:30:00,0,414,414
2024-05-16 23:00:00,0,383,383
2024-05-16 23:30:00,0,391,391
2024-05-17 00:00:00,0,241,241
2024-05-17 00:30:00,0,170,170
2024-05-17 01:00:00,0,161,161
2024-05-17 01:30:00,0,158,158
2024-05-17 02:00:00,0,162,162
2024-05-17 02:30:00,0,257,257
2024-05-17 03:00:00,0,249,249
2024-05-17 03:30:00,0,236,236
2024-05-17 04:00:00,0,238,238
2024-05-17 04:30:00,0,161,161
2024-05-17 05:00:00,0,159,159
2024-05-17 05:30:00,0,3734,3734
2024-05-17 06:00:00,0,1919,1919
2024-05-17 06:30:00,0,297,297
2024-05-17 07:00:00,130,177,307
2024-05-17 07:30:00,410,37,447
2024-05-17 08:00:00,275,1962,2237
2024-05-17 08:30:00,942,1037,1979
2024-05-17 09:00:00,1565,503,2068
2024-05-17 09:30:00,2393,-1971,422
2024-05-17 10:00:00,4249,-3852,397
2024-05-17 10:30:00,1956,978,2934
2024-05-17 11:00:00,2171,-1775,396
2024-05-17 11:30:00,4268,-4030,238
2024-05-17 12:00:00,2227,-2072,155
2024-05-17 12:30:00,3159,-2880,279
2024-05-17 13:00:00,2540,16,2556
2024-05-17 13:30:00,4400,-1939,2461
2024-05-17 14:00:00,4400,-1701,2699
2024-05-17 14:30:00,4400,-1773,2627
2024-05-17 15:00:00,4289,-1851,2438
2024-05-17 15:30:00,4104,1803,5907
2024-05-17 16:00:00,3513,-2984,529
2024-05-17 16:30:00,483,-97,386
2024-05-17 17:00:00,1583,-1246,337
2024-05-17 17:30:00,825,-523,302
2024-05-17 18:00:00,970,419,1389
2024-05-17 18:30:00,2498,-2253,245
2024-05-17 19:00:00,260,178,438
2024-05-17 19:30:00,222,202,424
2024-05-17 20:00:00,95,2742,2837
2024-05-17 20:30:00,32,398,430
2024-05-17 21:00:00,0,422,422
2024-05-17 21:30:00,4.42,422,426
2024-05-17 22:00:00,8.84,426,435
2024-05-17 22:30:00,13.3,416,429
2024-05-17 23:00:00,17.7,311,329
2024-05-17 23:30:00,22.1,173,195
2024-05-18 00:00:00,26.5,170,197
2024-05-18 00:30:00,30.9,160,191
2024-05-18 01:00:00,35.4,259,294
2024-05-18 01:30:00,39.8,241,281
2024-05-18 02:00:00,44.2,238,282
2024-05-18 02:30:00,48.6,158,207
2024-05-18 03:00:00,53.1,160,213
2024-05-18 03:30:00,57.5,160,217
2024-05-18 04:00:00,61.9,251,313
2024-05-18 04:30:00,66.3,242,308
2024-05-18 05:00:00,70.7,236,307
2024-05-18 05:30:00,75.2,4000,4075
2024-05-18 06:00:00,79.6,1800,1880
2024-05-18 06:30:00,84,150,234
2024-05-18 07:00:00,154,172,326
2024-05-18 07:30:00,277,2059,2336
2024-05-18 08:00:00,480,2955,3435
2024-05-18 08:30:00,885,1039,1924
2024-05-18 09:00:00,1625,926,2551
2024-05-18 09:30:00,2151,685,2836
2024-05-18 10:00:00,790,-468,322
2024-05-18 10:30:00,952,-564,388
2024-05-18 11:00:00,3630,-3300,330
2024-05-18 11:30:00,4187,-3854,333
2024-05-18 12:00:00,4142,-2206,1936
2024-05-18 12:30:00,4400,-4120,280
2024-05-18 13:00:00,4400,-3980,420
2024-05-18 13:30:00,4400,-4117,283
2024-05-18 14:00:00,4400,-4053,347
2024-05-18 14:30:00,4382,-4047,335
2024-05-18 15:00:00,4283,-3957,326
2024-05-18 15:30:00,4123,-3926,197
2024-05-18 16:00:00,2488,-2343,145
2024-05-18 16:30:00,4090,-3263,827
2024-05-18 17:00:00,1057,1884,2941
2024-05-18 17:30:00,3368,-171,3197
2024-05-18 18:00:00,1170,1866,3036
2024-05-18 18:30:00,2104,822,2926
2024-05-18 19:00:00,1653,-1218,435
2024-05-18 19:30:00,665,1626,2291
2024-05-18 20:00:00,102,283,385
2024-05-18 20:30:00,40,212,252
2024-05-18 21:00:00,2,241,243
2024-05-18 21:30:00,0,237,237
2024-05-18 22:00:00,5.83,153,159
2024-05-18 22:30:00,11.7,153,165
2024-05-18 23:00:00,17.5,157,175
2024-05-18 23:30:00,23.3,256,279
2024-05-19 00:00:00,29.2,248,277
2024-05-19 00:30:00,35,245,280
2024-05-19 01:00:00,40.8,171,212
2024-05-19 01:30:00,46.7,162,209
2024-05-19 02:00:00,52.5,159,212
2024-05-19 02:30:00,58.3,160,218
2024-05-19 03:00:00,64.2,248,312
2024-05-19 03:30:00,70,243,313
2024-05-19 04:00:00,75.8,239,315
2024-05-19 04:30:00,81.7,157,239
2024-05-19 05:00:00,87.5,158,246
2024-05-19 05:30:00,93.3,3750,3843
2024-05-19 06:00:00,99.2,1500,1599
2024-05-19 06:30:00,105,207,312
2024-05-19 07:00:00,249,55,304
2024-05-19 07:30:00,391,-160,231
2024-05-19 08:00:00,568,1714,2282
2024-05-19 08:30:00,742,2865,3607
2024-05-19 09:00:00,1655,2246,3901
2024-05-19 09:30:00,965,-530,435
2024-05-19 10:00:00,3313,-2874,439
2024-05-19 10:30:00,1747,-36,1711
2024-05-19 11:00:00,388,1878,2266
2024-05-19 11:30:00,62,1897,1959
2024-05-19 12:00:00,398,-77,321
2024-05-19 12:30:00,3973,-2366,1607
2024-05-19 13:00:00,589,1554,2143
2024-05-19 13:30:00,1154,-709,445
2024-05-19 14:00:00,1935,-1587,348
2024-05-19 14:30:00,1118,473,1591
2024-05-19 15:00:00,780,-115,665
2024-05-19 15:30:00,292,153,445
2024-05-19 16:00:00,92,335,427
2024-05-19 16:30:00,76,214,290
2024-05-19 17:00:00,344,24,368
2024-05-19 17:30:00,613,-244,369
2024-05-19 18:00:00,145,241,386
2024-05-19 18:30:00,241,114,355
2024-05-19 19:00:00,604,-241,363
2024-05-19 19:30:00,752,-404,348
2024-05-19 20:00:00,144,116,260
2024-05-19 20:30:00,102,240,342
2024-05-19 21:00:00,0,334,334
2024-05-19 21:30:00,3.74,344,348
2024-05-19 22:00:00,7.47,422,429
2024-05-19 22:30:00,11.2,521,532
2024-05-19 23:00:00,14.9,404,419
2024-05-19 23:30:00,18.7,306,325
2024-05-20 00:00:00,22.4,168,190
2024-05-20 00:30:00,26.2,156,182
2024-05-20 01:00:00,29.9,153,183
2024-05-20 01:30:00,33.6,238,272
2024-05-20 02:00:00,37.4,233,270
2024-05-20 02:30:00,41.1,153,194
2024-05-20 03:00:00,44.8,154,199
2024-05-20 03:30:00,48.6,152,201
2024-05-20 04:00:00,52.3,243,295
2024-05-20 04:30:00,56.1,239,295
2024-05-20 05:00:00,59.8,151,211
2024-05-20 05:30:00,63.5,3786,3850
2024-05-20 06:00:00,67.3,2143,2210
2024-05-20 06:30:00,71,1680,1751
2024-05-20 07:00:00,238,72,310
2024-05-20 07:30:00,462,-44,418
2024-05-20 08:00:00,582,-199,383
2024-05-20 08:30:00,860,1467,2327
2024-05-20 09:00:00,1986,-453,1533
2024-05-20 09:30:00,2713,1147,3860
2024-05-20 10:00:00,3205,-727,2478
2024-05-20 10:30:00,2843,1516,4359
2024-05-20 11:00:00,3602,-3161,441
2024-05-20 11:30:00,4151,-626,3525
2024-05-20 12:00:00,4290,-1782,2508
2024-05-20 12:30:00,4400,-1786,2614
2024-05-20 13:00:00,4400,-1827,2573
2024-05-20 13:30:00,1701,718,2419
2024-05-20 14:00:00,1294,1009,2303
2024-05-20 14:30:00,1163,1364,2527
2024-05-20 15:00:00,4400,-1650,2750
2024-05-20 15:30:00,4301,532,4833
2024-05-20 16:00:00,4052,-3598,454
2024-05-20 16:30:00,3785,-3342,443
2024-05-20 17:00:00,3375,-3026,349
2024-05-20 17:30:00,2939,-2564,375
2024-05-20 18:00:00,2440,-2097,343
2024-05-20 18:30:00,1909,674,2583
2024-05-20 19:00:00,1296,-944,352
2024-05-20 19:30:00,474,-542,-68
2024-05-20 20:00:00,126,2793,2919
2024-05-20 20:30:00,47,296,343
2024-05-20 21:00:00,0,337,337
2024-05-20 21:30:00,3.74,336,340
2024-05-20 22:00:00,7.47,338,345
2024-05-20 22:30:00,11.2,416,427
2024-05-20 23:00:00,14.9,393,408
2024-05-20 23:30:00,18.7,304,323
2024-05-21 00:00:00,22.4,172,194
2024-05-21 00:30:00,26.2,165,191
2024-05-21 01:00:00,29.9,264,294
2024-05-21 01:30:00,33.6,243,277
2024-05-21 02:00:00,37.4,160,197
2024-05-21 02:30:00,41.1,157,198
2024-05-21 03:00:00,44.8,157,202
2024-05-21 03:30:00,48.6,158,207
2024-05-21 04:00:00,52.3,244,296
2024-05-21 04:30:00,56.1,240,296
2024-05-21 05:00:00,59.8,154,214
2024-05-21 05:30:00,63.5,3677,3741
2024-05-21 06:00:00,67.3,1939,2006
2024-05-21 06:30:00,71,2013,2084
2024-05-21 07:00:00,129,1939,2068
2024-05-21 07:30:00,194,146,340
2024-05-21 08:00:00,418,691,1109
2024-05-21 08:30:00,953,-535,418
2024-05-21 09:00:00,1576,870,2446
2024-05-21 09:30:00,2188,940,3128
2024-05-21 10:00:00,2718,-2279,439
2024-05-21 10:30:00,3171,-2814,357
2024-05-21 11:00:00,3591,-3255,336
2024-05-21 11:30:00,3850,-3451,399
2024-05-21 12:00:00,4224,-3944,280
2024-05-21 12:30:00,4343,-2674,1669
2024-05-21 13:00:00,4400,-2662,1738
2024-05-21 13:30:00,4361,-2743,1618
2024-05-21 14:00:00,4322,-2545,1777
2024-05-21 14:30:00,4284,-2650,1634
2024-05-21 15:00:00,4245,-772,3473
2024-05-21 15:30:00,4206,-76,4130
2024-05-21 16:00:00,4031,-2487,1544
2024-05-21 16:30:00,3737,-1905,1832
2024-05-21 17:00:00,3399,-3001,398
2024-05-21 17:30:00,2960,-2554,406
2024-05-21 18:00:00,2197,-1751,446
2024-05-21 18:30:00,1117,-681,436
2024-05-21 19:00:00,653,-320,333
2024-05-21 19:30:00,412,-6,406
2024-05-21 20:00:00,263,1589,1852
2024-05-21 20:30:00,53,423,476
2024-05-21 21:00:00,0,472,472
2024-05-21 21:30:00,3.68,475,479
2024-05-21 22:00:00,7.37,474,481
2024-05-21 22:30:00,11.1,306,317
2024-05-21 23:00:00,14.7,410,425
2024-05-21 23:30:00,18.4,326,344
2024-05-22 00:00:00,22.1,162,184
2024-05-22 00:30:00,25.8,161,187
2024-05-22 01:00:00,29.5,157,186
2024-05-22 01:30:00,33.2,247,280
2024-05-22 02:00:00,36.8,248,285
2024-05-22 02:30:00,40.5,235,276
2024-05-22 03:00:00,44.2,157,201
2024-05-22 03:30:00,47.9,159,207
2024-05-22 04:00:00,51.6,162,214
2024-05-22 04:30:00,55.3,236,291
2024-05-22 05:00:00,58.9,242,301
2024-05-22 05:30:00,62.6,4256,4319
2024-05-22 06:00:00,66.3,1768,1834
2024-05-22 06:30:00,70,2119,2189
2024-05-22 07:00:00,127,1661,1788
2024-05-22 07:30:00,192,1887,2079
2024-05-22 08:00:00,399,1756,2155
2024-05-22 08:30:00,943,-639,304
2024-05-22 09:00:00,1569,-1271,298
2024-05-22 09:30:00,2208,-1973,235
2024-05-22 10:00:00,2755,-2516,239
2024-05-22 10:30:00,3243,-1066,2177
2024-05-22 11:00:00,3517,-1460,2057
2024-05-22 11:30:00,4400,-3864,536
2024-05-22 12:00:00,2551,-2227,324
2024-05-22 12:30:00,4400,-3003,1397
2024-05-22 13:00:00,4400,-3818,582
2024-05-22 13:30:00,4400,-4054,346
2024-05-22 14:00:00,2932,-3634,-702
2024-05-22 14:30:00,2331,-2002,329
2024-05-22 15:00:00,2161,-1843,318
2024-05-22 15:30:00,2911,-2556,355
2024-05-22 16:00:00,3936,-3609,327
2024-05-22 16:30:00,3629,-3323,306
2024-05-22 17:00:00,1831,-1595,236
2024-05-22 17:30:00,1071,-912,159
2024-05-22 18:00:00,1019,-722,297
2024-05-22 18:30:00,1184,-896,288
2024-05-22 19:00:00,1524,-1121,403
2024-05-22 19:30:00,722,-290,432
2024-05-22 20:00:00,183,2315,2498
2024-05-22 20:30:00,60,450,510
2024-05-22 21:00:00,0,381,381
2024-05-22 21:30:00,4.68,392,397
2024-05-22 22:00:00,9.37,400,409
2024-05-22 22:30:00,14.1,520,534
2024-05-22 23:00:00,18.7,429,448
2024-05-22 23:30:00,23.4,302,325
2024-05-23 00:00:00,28.1,155,183
2024-05-23 00:30:00,32.8,150,183
2024-05-23 01:00:00,37.5,150,187
2024-05-23 01:30:00,42.2,236,278
2024-05-23 02:00:00,46.8,153,200
2024-05-23 02:30:00,51.5,149,201
2024-05-23 03:00:00,56.2,153,209
2024-05-23 03:30:00,60.9,153,214
2024-05-23 04:00:00,65.6,241,307
2024-05-23 04:30:00,70.3,234,304
2024-05-23 05:00:00,74.9,154,229
2024-05-23 05:30:00,79.6,3800,3880
2024-05-23 06:00:00,84.3,1672,1756
2024-05-23 06:30:00,89,231,320
2024-05-23 07:00:00,188,115,303
2024-05-23 07:30:00,244,156,400
2024-05-23 08:00:00,775,-96,679
2024-05-23 08:30:00,1207,4889,6096
2024-05-23 09:00:00,1796,300,2096
2024-05-23 09:30:00,2338,-1973,365
2024-05-23 10:00:00,2842,-1113,1729
2024-05-23 10:30:00,3151,-2474,677
2024-05-23 11:00:00,3745,-3420,325
2024-05-23 11:30:00,3838,-3601,237
2024-05-23 12:00:00,4053,-2684,1369
2024-05-23 12:30:00,4333,-4066,267
2024-05-23 13:00:00,4366,-1837,2529
2024-05-23 13:30:00,4392,-1912,2480
2024-05-23 14:00:00,4400,-1761,2639
2024-05-23 14:30:00,4400,-1818,2582
2024-05-23 15:00:00,4241,-1751,2490
2024-05-23 15:30:00,4143,-1798,2345
2024-05-23 16:00:00,2012,-1882,130
2024-05-23 16:30:00,3692,-3358,334
2024-05-23 17:00:00,3200,-2887,313
2024-05-23 17:30:00,2790,-766,2024
2024-05-23 18:00:00,2312,-317,1995
2024-05-23 18:30:00,1881,99,1980
2024-05-23 19:00:00,1390,747,2137
2024-05-23 19:30:00,387,1352,1739
2024-05-23 20:00:00,74,2582,2656
2024-05-23 20:30:00,26,320,346
2024-05-23 21:00:00,0,435,435
2024-05-23 21:30:00,5.05,452,457
2024-05-23 22:00:00,10.1,462,472
2024-05-23 22:30:00,15.2,269,284
2024-05-23 23:00:00,20.2,259,279
2024-05-23 23:30:00,25.3,231,256
2024-05-24 00:00:00,30.3,227,257
2024-05-24 00:30:00,35.4,226,261
2024-05-24 01:00:00,40.4,225,265
2024-05-24 01:30:00,45.5,229,274
2024-05-24 02:00:00,50.5,228,279
2024-05-24 02:30:00,55.6,231,287
2024-05-24 03:00:00,60.6,226,287
2024-05-24 03:30:00,65.7,226,292
2024-05-24 04:00:00,70.7,229,300
2024-05-24 04:30:00,75.8,155,231
2024-05-24 05:00:00,80.8,234,315
2024-05-24 05:30:00,85.9,4003,4089
2024-05-24 06:00:00,90.9,1450,1541
2024-05-24 06:30:00,96,1994,2090
2024-05-24 07:00:00,187,1931,2118
2024-05-24 07:30:00,267,111,378
2024-05-24 08:00:00,672,-303,369
2024-05-24 08:30:00,1105,-712,393
2024-05-24 09:00:00,1815,-1480,335
2024-05-24 09:30:00,1299,-914,385
2024-05-24 10:00:00,1416,-1057,359
2024-05-24 10:30:00,3494,-3124,370
2024-05-24 11:00:00,3420,-3125,295
2024-05-24 11:30:00,3749,-1498,2251
2024-05-24 12:00:00,3488,-3335,153
2024-05-24 12:30:00,3777,-3504,273
2024-05-24 13:00:00,4020,-3775,245
2024-05-24 13:30:00,4400,-4220,180
2024-05-24 14:00:00,4400,-3920,480
2024-05-24 14:30:00,4400,-1786,2614
2024-05-24 15:00:00,4400,-4022,378
2024-05-24 15:30:00,4126,-3769,357
2024-05-24 16:00:00,4243,-3966,277
2024-05-24 16:30:00,3784,-3600,184
2024-05-24 17:00:00,913,-744,169
2024-05-24 17:30:00,2397,963,3360
2024-05-24 18:00:00,2670,642,3312
2024-05-24 18:30:00,1905,507,2412
2024-05-24 19:00:00,1375,914,2289
2024-05-24 19:30:00,739,1627,2366
2024-05-24 20:00:00,237,72,309
2024-05-24 20:30:00,66,305,371
2024-05-24 21:00:00,0,352,352
2024-05-24 21:30:00,6.26,357,363
2024-05-24 22:00:00,12.5,331,344
2024-05-24 22:30:00,18.8,209,228
2024-05-24 23:00:00,25.1,177,202
2024-05-24 23:30:00,31.3,152,183
2024-05-25 00:00:00,37.6,239,277
2024-05-25 00:30:00,43.8,231,275
2024-05-25 01:00:00,50.1,150,200
2024-05-25 01:30:00,56.4,151,207
2024-05-25 02:00:00,62.6,151,214
2024-05-25 02:30:00,68.9,151,220
2024-05-25 03:00:00,75.2,243,318
2024-05-25 03:30:00,81.4,231,312
2024-05-25 04:00:00,87.7,152,240
2024-05-25 04:30:00,93.9,153,247
2024-05-25 05:00:00,100,152,252
2024-05-25 05:30:00,106,4391,4497
2024-05-25 06:00:00,113,1574,1687
2024-05-25 06:30:00,119,223,342
2024-05-25 07:00:00,158,24,182
2024-05-25 07:30:00,292,-71,221
2024-05-25 08:00:00,499,-237,262
2024-05-25 08:30:00,881,-667,214
2024-05-25 09:00:00,1681,465,2146
2024-05-25 09:30:00,2170,-1910,260
2024-05-25 10:00:00,2322,-262,2060
2024-05-25 10:30:00,2093,574,2667
2024-05-25 11:00:00,2489,-2269,220
2024-05-25 11:30:00,3714,-3462,252
2024-05-25 12:00:00,3353,-3041,312
2024-05-25 12:30:00,2532,-2280,252
2024-05-25 13:00:00,4400,-4137,263
2024-05-25 13:30:00,4400,-4218,182
2024-05-25 14:00:00,2627,-2404,223
2024-05-25 14:30:00,3237,-3089,148
2024-05-25 15:00:00,4136,-3970,166
2024-05-25 15:30:00,1809,-1559,250
2024-05-25 16:00:00,3332,-3121,211
2024-05-25 16:30:00,1632,-1477,155
2024-05-25 17:00:00,3576,-3368,208
2024-05-25 17:30:00,2906,-2728,178
2024-05-25 18:00:00,1710,-1387,323
2024-05-25 18:30:00,2177,-1918,259
2024-05-25 19:00:00,1254,-1005,249
2024-05-25 19:30:00,719,-557,162
2024-05-25 20:00:00,252,-93,159
2024-05-25 20:30:00,53,107,160
2024-05-25 21:00:00,4,151,155
2024-05-25 21:30:00,0,240,240
2024-05-25 22:00:00,4.94,232,237
2024-05-25 22:30:00,9.89,148,158
2024-05-25 23:00:00,14.8,148,163
2024-05-25 23:30:00,19.8,152,172
2024-05-26 00:00:00,24.7,152,177
2024-05-26 00:30:00,29.7,240,270
2024-05-26 01:00:00,34.6,233,268
2024-05-26 01:30:00,39.6,230,270
2024-05-26 02:00:00,44.5,153,198
2024-05-26 02:30:00,49.4,147,196
2024-05-26 03:00:00,54.4,157,211
2024-05-26 03:30:00,59.3,243,302
2024-05-26 04:00:00,64.3,237,301
2024-05-26 04:30:00,69.2,230,299
2024-05-26 05:00:00,74.2,149,223
2024-05-26 05:30:00,79.1,4351,4430
2024-05-26 06:00:00,84.1,146,230
2024-05-26 06:30:00,89,1797,1886
2024-05-26 07:00:00,167,136,303
2024-05-26 07:30:00,252,55,307
2024-05-26 08:00:00,464,-245,219
2024-05-26 08:30:00,927,1397,2324
2024-05-26 09:00:00,1463,826,2289
2024-05-26 09:30:00,2021,1540,3561
2024-05-26 10:00:00,2614,1098,3712
2024-05-26 10:30:00,2927,1968,4895
2024-05-26 11:00:00,3388,-802,2586
2024-05-26 11:30:00,3623,-1113,2510
2024-05-26 12:00:00,4028,-1767,2261
2024-05-26 12:30:00,4167,-1911,2256
2024-05-26 13:00:00,4261,-750,3511
2024-05-26 13:30:00,4245,-1826,2419
2024-05-26 14:00:00,4323,-1884,2439
2024-05-26 14:30:00,4161,-1836,2325
2024-05-26 15:00:00,3626,-1113,2513
2024-05-26 15:30:00,3706,-1378,2328
2024-05-26 16:00:00,3133,-723,2410
2024-05-26 16:30:00,3088,-809,2279
2024-05-26 17:00:00,3140,-639,2501
2024-05-26 17:30:00,2801,-2474,327
2024-05-26 18:00:00,2349,-2027,322
2024-05-26 18:30:00,1812,-1585,227
2024-05-26 19:00:00,1012,-786,226
2024-05-26 19:30:00,476,-272,204
2024-05-26 20:00:00,330,2015,2345
2024-05-26 20:30:00,95,267,362
2024-05-26 21:00:00,4,366,370
2024-05-26 21:30:00,0,258,258
2024-05-26 22:00:00,1.5,565,567
2024-05-26 22:30:00,3,678,681
2024-05-26 23:00:00,4.5,292,297
2024-05-26 23:30:00,6,260,266
2024-05-27 00:00:00,7.5,243,251
2024-05-27 00:30:00,9,235,244
2024-05-27 01:00:00,10.5,155,166
2024-05-27 01:30:00,12,150,162
2024-05-27 02:00:00,13.5,152,166
2024-05-27 02:30:00,15,247,262
2024-05-27 03:00:00,16.5,241,258
2024-05-27 03:30:00,18,233,251
2024-05-27 04:00:00,19.5,149,169
2024-05-27 04:30:00,21,152,173
2024-05-27 05:00:00,22.5,150,173
2024-05-27 05:30:00,24,4481,4505
2024-05-27 06:00:00,25.5,237,263
2024-05-27 06:30:00,27,214,241
2024-05-27 07:00:00,61,94,155
2024-05-27 07:30:00,100,1521,1621
2024-05-27 08:00:00,138,331,469
2024-05-27 08:30:00,244,193,437
2024-05-27 09:00:00,252,111,363
2024-05-27 09:30:00,358,1344,1702
2024-05-27 10:00:00,583,-344,239
2024-05-27 10:30:00,1016,-730,286
2024-05-27 11:00:00,1006,-581,425
2024-05-27 11:30:00,978,-561,417
2024-05-27 12:00:00,1311,154,1465
2024-05-27 12:30:00,2222,-1949,273
2024-05-27 13:00:00,4128,-3846,282
2024-05-27 13:30:00,4400,-4209,191
2024-05-27 14:00:00,4369,-3980,389
2024-05-27 14:30:00,3730,-2293,1437
2024-05-27 15:00:00,3590,-3242,348
2024-05-27 15:30:00,3343,-3007,336
2024-05-27 16:00:00,3968,-3681,287
2024-05-27 16:30:00,2425,-2221,204
2024-05-27 17:00:00,2152,-1911,241
2024-05-27 17:30:00,1811,-1468,343
2024-05-27 18:00:00,1131,-877,254
2024-05-27 18:30:00,1405,-1074,331
2024-05-27 19:00:00,1005,-772,233
2024-05-27 19:30:00,444,-277,167
2024-05-27 20:00:00,305,63,368
2024-05-27 20:30:00,117,2394,2511
2024-05-27 21:00:00,7,357,364
2024-05-27 21:30:00,0,1473,1473
2024-05-27 22:00:00,1.12,346,347
2024-05-27 22:30:00,2.24,460,462
2024-05-27 23:00:00,3.35,417,420
2024-05-27 23:30:00,4.47,385,389
2024-05-28 00:00:00,5.59,250,256
2024-05-28 00:30:00,6.71,240,247
2024-05-28 01:00:00,7.82,235,243
2024-05-28 01:30:00,8.94,234,243
2024-05-28 02:00:00,10.1,231,241
2024-05-28 02:30:00,11.2,233,244
2024-05-28 03:00:00,12.3,231,243
2024-05-28 03:30:00,13.4,234,247
2024-05-28 04:00:00,14.5,152,167
2024-05-28 04:30:00,15.6,153,169
2024-05-28 05:00:00,16.8,152,169
2024-05-28 05:30:00,17.9,3861,3879
2024-05-28 06:00:00,19,241,260
2024-05-28 06:30:00,75,1333,1408
2024-05-28 07:00:00,132,104,236
2024-05-28 07:30:00,192,2766,2958
2024-05-28 08:00:00,435,1823,2258
2024-05-28 08:30:00,856,-529,327
2024-05-28 09:00:00,1539,261,1800
2024-05-28 09:30:00,2100,-1742,358
2024-05-28 10:00:00,2705,-2289,416
2024-05-28 10:30:00,3064,-2681,383
2024-05-28 11:00:00,3451,-3039,412
2024-05-28 11:30:00,3733,-3363,370
2024-05-28 12:00:00,4001,236,4237
2024-05-28 12:30:00,4187,-2857,1330
2024-05-28 13:00:00,4356,-3928,428
2024-05-28 13:30:00,4333,-3970,363
2024-05-28 14:00:00,4308,-3743,565
2024-05-28 14:30:00,4269,-3697,572
2024-05-28 15:00:00,4200,2473,6673
2024-05-28 15:30:00,4008,891,4899
2024-05-28 16:00:00,3792,-3321,471
2024-05-28 16:30:00,3555,-3276,279
2024-05-28 17:00:00,3228,-2977,251
2024-05-28 17:30:00,2794,-2557,237
2024-05-28 18:00:00,1847,-1606,241
2024-05-28 18:30:00,1840,-1558,282
2024-05-28 19:00:00,1318,1047,2365
2024-05-28 19:30:00,754,-313,441
2024-05-28 20:00:00,213,254,467
2024-05-28 20:30:00,79,346,425
2024-05-28 21:00:00,7,411,418
2024-05-28 21:30:00,0,1489,1489
2024-05-28 22:00:00,6.56,392,399
2024-05-28 22:30:00,13.1,642,655
2024-05-28 23:00:00,19.7,403,423
2024-05-28 23:30:00,26.2,387,413
2024-05-29 00:00:00,32.8,268,301
2024-05-29 00:30:00,39.3,261,300
2024-05-29 01:00:00,45.9,176,222
2024-05-29 01:30:00,52.4,178,230
2024-05-29 02:00:00,59,178,237
2024-05-29 02:30:00,65.6,271,337
2024-05-29 03:00:00,72.1,262,334
2024-05-29 03:30:00,78.7,263,342
2024-05-29 04:00:00,85.2,178,263
2024-05-29 04:30:00,91.8,173,265
2024-05-29 05:00:00,98.3,174,272
2024-05-29 05:30:00,105,4044,4149
2024-05-29 06:00:00,111,258,369
2024-05-29 06:30:00,118,1291,1409
2024-05-29 07:00:00,219,104,323
2024-05-29 07:30:00,378,1124,1502
2024-05-29 08:00:00,672,-367,305
2024-05-29 08:30:00,993,-601,392
2024-05-29 09:00:00,1290,-966,324
2024-05-29 09:30:00,1889,-1593,296
2024-05-29 10:00:00,2464,-2178,286
2024-05-29 10:30:00,2810,-2567,243
2024-05-29 11:00:00,3180,-2937,243
2024-05-29 11:30:00,2872,-2481,391
2024-05-29 12:00:00,3754,-3324,430
2024-05-29 12:30:00,3162,215,3377
2024-05-29 13:00:00,3799,-728,3071
2024-05-29 13:30:00,4362,-1180,3182
2024-05-29 14:00:00,4366,-1162,3204
2024-05-29 14:30:00,4400,-3950,450
2024-05-29 15:00:00,4184,-3846,338
2024-05-29 15:30:00,4044,-3812,232
2024-05-29 16:00:00,3809,-1474,2335
2024-05-29 16:30:00,1897,-1587,310
2024-05-29 17:00:00,3575,-3286,289
2024-05-29 17:30:00,2781,-2511,270
2024-05-29 18:00:00,2294,-2035,259
2024-05-29 18:30:00,1830,-1663,167
2024-05-29 19:00:00,1329,-1170,159
2024-05-29 19:30:00,813,-610,203
2024-05-29 20:00:00,122,231,353
2024-05-29 20:30:00,54,2409,2463
2024-05-29 21:00:00,9,448,457
2024-05-29 21:30:00,0,1565,1565
2024-05-29 22:00:00,0.941,414,415
2024-05-29 22:30:00,1.88,368,370
2024-05-29 23:00:00,2.82,328,331
2024-05-29 23:30:00,3.76,308,312
2024-05-30 00:00:00,4.71,260,265
2024-05-30 00:30:00,5.65,243,249
2024-05-30 01:00:00,6.59,237,244
2024-05-30 01:30:00,7.53,230,238
2024-05-30 02:00:00,8.47,151,159
2024-05-30 02:30:00,9.41,150,159
2024-05-30 03:00:00,10.4,152,162
2024-05-30 03:30:00,11.3,151,162
2024-05-30 04:00:00,12.2,245,257
2024-05-30 04:30:00,13.2,236,249
2024-05-30 05:00:00,14.1,236,250
2024-05-30 05:30:00,15.1,4004,4019
2024-05-30 06:00:00,16,146,162
2024-05-30 06:30:00,87,1243,1330
2024-05-30 07:00:00,124,130,254
2024-05-30 07:30:00,202,1334,1536
2024-05-30 08:00:00,433,-72,361
2024-05-30 08:30:00,881,-533,348
2024-05-30 09:00:00,1471,-1112,359
2024-05-30 09:30:00,1844,-38,1806
2024-05-30 10:00:00,2169,-512,1657
2024-05-30 10:30:00,2989,1478,4467
2024-05-30 11:00:00,3350,106,3456
2024-05-30 11:30:00,3610,-184,3426
2024-05-30 12:00:00,3875,-714,3161
2024-05-30 12:30:00,4116,-959,3157
2024-05-30 13:00:00,4400,-1336,3064
2024-05-30 13:30:00,4400,-1233,3167
2024-05-30 14:00:00,4400,-1379,3021
2024-05-30 14:30:00,4400,-4030,370
2024-05-30 15:00:00,1975,367,2342
2024-05-30 15:30:00,2458,-2190,268
2024-05-30 16:00:00,3123,-2982,141
2024-05-30 16:30:00,2182,-1907,275
2024-05-30 17:00:00,3910,-3645,265
2024-05-30 17:30:00,2825,-2569,256
2024-05-30 18:00:00,2326,-2025,301
2024-05-30 18:30:00,1827,-1508,319
2024-05-30 19:00:00,1110,-827,283
2024-05-30 19:30:00,740,-378,362
2024-05-30 20:00:00,244,50,294
2024-05-30 20:30:00,54,2382,2436
2024-05-30 21:00:00,12,354,366
2024-05-30 21:30:00,0,1483,1483
2024-05-30 22:00:00,0.882,348,349
2024-05-30 22:30:00,1.76,434,436
2024-05-30 23:00:00,2.65,297,300
2024-05-30 23:30:00,3.53,315,319
2024-05-31 00:00:00,4.41,154,158
2024-05-31 00:30:00,5.29,248,253
2024-05-31 01:00:00,6.18,238,244
2024-05-31 01:30:00,7.06,239,246
2024-05-31 02:00:00,7.94,155,163
2024-05-31 02:30:00,8.82,145,154
2024-05-31 03:00:00,9.71,156,166
2024-05-31 03:30:00,10.6,248,259
2024-05-31 04:00:00,11.5,239,250
2024-05-31 04:30:00,12.4,150,162
2024-05-31 05:00:00,13.2,152,165
2024-05-31 05:30:00,14.1,3666,3680
2024-05-31 06:00:00,15,148,163
2024-05-31 06:30:00,86,1317,1403
2024-05-31 07:00:00,159,82,241
2024-05-31 07:30:00,240,1196,1436
2024-05-31 08:00:00,481,-203,278
2024-05-31 08:30:00,943,-574,369
2024-05-31 09:00:00,1513,-1191,322
2024-05-31 09:30:00,2037,-1706,331
2024-05-31 10:00:00,2643,-2396,247
2024-05-31 10:30:00,3075,-2812,263
2024-05-31 11:00:00,3473,-3295,178
2024-05-31 11:30:00,3820,-3637,183
2024-05-31 12:00:00,4047,-3710,337
2024-05-31 12:30:00,4246,-2795,1451
2024-05-31 13:00:00,4369,-1297,3072
2024-05-31 13:30:00,4400,-1347,3053
2024-05-31 14:00:00,4400,-1215,3185
2024-05-31 14:30:00,4370,-1204,3166
2024-05-31 15:00:00,4293,-1217,3076
2024-05-31 15:30:00,4054,-712,3342
2024-05-31 16:00:00,3860,-761,3099
2024-05-31 16:30:00,3578,-503,3075
2024-05-31 17:00:00,3188,-1860,1328
2024-05-31 17:30:00,2684,-2495,189
2024-05-31 18:00:00,2270,29,2299
2024-05-31 18:30:00,1860,-1481,379
2024-05-31 19:00:00,1282,-833,449
2024-05-31 19:30:00,774,-424,350
2024-05-31 20:00:00,339,29,368
2024-05-31 20:30:00,85,2544,2629
2024-05-31 21:00:00,11,476,487
2024-05-31 21:30:00,0,1571,1571
2024-05-31 22:00:00,,423,
2024-05-31 22:30:00,,397,
2024-05-31 23:00:00,,403,
2024-05-31 23:30:00,,328,
